symbol,name,group,sector,industry_group,sector_etf
DIA,State Street SPDR Dow Jones Industrial Average ETF Trust,Key Markets,,,
EEM,iShares MSCI Emerging Markets ETF,Key Markets,,,
GDX,VanEck Gold Miners ETF,Key Markets,,,
IBB,iShares Biotechnology ETF,Key Markets,,,
IWM,iShares Russell 2000 ETF,Key Markets,,,
KBE,State Street SPDR S&P Bank ETF,Key Markets,,,
KCE,State Street SPDR S&P Capital Markets ETF,Key Markets,,,
KIE,State Street SPDR S&P Insurance ETF,Key Markets,,,
KRE,State Street SPDR S&P Regional Banking ETF,Key Markets,,,
MDY,State Street SPDR S&P MIDCAP 400 ETF Trust,Key Markets,,,
QQQ,"Invesco QQQ Trust, Series 1",Key Markets,,,
SMH,VanEck Semiconductor ETF,Key Markets,,,
SPY,State Street SPDR S&P 500 ETF Trust,Key Markets,,,
XBI,State Street SPDR S&P Biotech ETF,Key Markets,,,
XES,State Street SPDR S&P Oil & Gas Equipment & Services ETF,Key Markets,,,
XHB,State Street SPDR S&P Homebuilders ETF,Key Markets,,,
XME,State Street SPDR S&P Metals & Mining ETF,Key Markets,,,
XOP,State Street SPDR S&P Oil & Gas Exploration & Production ETF,Key Markets,,,
XPH,State Street SPDR S&P Pharmaceuticals ETF,Key Markets,,,
XRT,State Street SPDR S&P Retail ETF,Key Markets,,,
XSD,State Street SPDR S&P Semiconductor ETF,Key Markets,,,
XLB,State Street Materials Select Sector SPDR ETF,Sector ETFs,,,
XLC,State Street Communication Services Select Sector SPDR ETF,Sector ETFs,,,
XLE,State Street Energy Select Sector SPDR ETF,Sector ETFs,,,
XLF,State Street Financial Select Sector SPDR ETF,Sector ETFs,,,
XLI,State Street Industrial Select Sector SPDR ETF,Sector ETFs,,,
XLK,State Street Technology Select Sector SPDR ETF,Sector ETFs,,,
XLP,State Street Consumer Staples Select Sector SPDR ETF,Sector ETFs,,,
XLRE,State Street Real Estate Select Sector SPDR ETF,Sector ETFs,,,
XLU,State Street Utilities Select Sector SPDR ETF,Sector ETFs,,,
XLV,State Street Health Care Select Sector SPDR ETF,Sector ETFs,,,
XLY,State Street Consumer Discretionary Select Sector SPDR ETF,Sector ETFs,,,
BIDU,"Baidu, Inc.",Communication Services,Communication Services,Media & Entertainment,XLC
CMCSA,Comcast Corp,Communication Services,Communication Services,Telecommunication Services,XLC
DIS,The Walt Disney Company,Communication Services,Communication Services,Media & Entertainment,XLC
GOOG,Alphabet Inc. Class C Capital Stock,Communication Services,Communication Services,Media & Entertainment,XLC
GOOGL,Alphabet Inc. Class A Common Stock,Communication Services,Communication Services,Media & Entertainment,XLC
META,"Meta Platforms, Inc. Class A Common Stock",Communication Services,Communication Services,Media & Entertainment,XLC
MTCH,"Match Group, Inc",Communication Services,Communication Services,Media & Entertainment,XLC
NFLX,NetFlix Inc,Communication Services,Communication Services,Media & Entertainment,XLC
NTES,"NetEase, inc.",Communication Services,Communication Services,Media & Entertainment,XLC
PINS,"Pinterest, Inc. Class A Common Stock",Communication Services,Communication Services,Media & Entertainment,XLC
RBLX,Roblox Corporation,Communication Services,Communication Services,Media & Entertainment,XLC
RDDT,"Reddit, Inc.",Communication Services,Communication Services,Media & Entertainment,XLC
ROKU,"Roku, Inc. Class A Common Stock",Communication Services,Communication Services,Media & Entertainment,XLC
SNAP,Snap Inc.,Communication Services,Communication Services,Media & Entertainment,XLC
SPOT,Spotify Technology S.A.,Communication Services,Communication Services,Media & Entertainment,XLC
T,AT&T Inc.,Communication Services,Communication Services,Telecommunication Services,XLC
TTD,"The Trade Desk, Inc.",Communication Services,Communication Services,Media & Entertainment,XLC
TTWO,Take-Two Interactive Software Inc,Communication Services,Communication Services,Media & Entertainment,XLC
VZ,Verizon Communications,Communication Services,Communication Services,Telecommunication Services,XLC
YELP,YELP INC.,Communication Services,Communication Services,Media & Entertainment,XLC
AAP,ADVANCE AUTO PARTS INC,Consumer Discretionary,Consumer Discretionary,Consumer Discretionary Distribution & Retail,XLY
ABNB,"Airbnb, Inc. Class A Common Stock",Consumer Discretionary,Consumer Discretionary,Consumer Services,XLY
AMZN,Amazon.Com Inc,Consumer Discretionary,Consumer Discretionary,Consumer Discretionary Distribution & Retail,XLY
ANF,Abercrombie & Fitch Co.,Consumer Discretionary,Consumer Discretionary,Consumer Discretionary Distribution & Retail,XLY
AZO,"AutoZone, Inc.",Consumer Discretionary,Consumer Discretionary,Consumer Discretionary Distribution & Retail,XLY
BABA,"Alibaba Group Holding Limited American Depositary Shares, each represents eight Ordinary Shares",Consumer Discretionary,Consumer Discretionary,Consumer Discretionary Distribution & Retail,XLY
BBY,"Best Buy Company, Inc.",Consumer Discretionary,Consumer Discretionary,Consumer Discretionary Distribution & Retail,XLY
BKE,"The Buckle, Inc.",Consumer Discretionary,Consumer Discretionary,Consumer Discretionary Distribution & Retail,XLY
BKNG,Booking Holdings Inc. Common Stock,Consumer Discretionary,Consumer Discretionary,Consumer Services,XLY
BWA,BorgWarner Inc.,Consumer Discretionary,Consumer Discretionary,Automobiles & Components,XLY
CAVA,"CAVA Group, Inc.",Consumer Discretionary,Consumer Discretionary,Consumer Services,XLY
CHWY,"Chewy, Inc.",Consumer Discretionary,Consumer Discretionary,Consumer Discretionary Distribution & Retail,XLY
CMG,"Chipotle Mexican Grill, Inc.",Consumer Discretionary,Consumer Discretionary,Consumer Services,XLY
CROX,"Crocs, Inc.",Consumer Discretionary,Consumer Discretionary,Consumer Durables & Apparel,XLY
CVNA,Carvana Co.,Consumer Discretionary,Consumer Discretionary,Consumer Discretionary Distribution & Retail,XLY
DASH,"DoorDash, Inc. Class A Common Stock",Consumer Discretionary,Consumer Discretionary,Consumer Services,XLY
DECK,Deckers Outdoor Corp,Consumer Discretionary,Consumer Discretionary,Consumer Durables & Apparel,XLY
DHI,D.R. Horton Inc.,Consumer Discretionary,Consumer Discretionary,Consumer Durables & Apparel,XLY
DKNG,DraftKings Inc. Class A Common Stock,Consumer Discretionary,Consumer Discretionary,Consumer Services,XLY
DKS,"Dick's Sporting Goods, Inc.",Consumer Discretionary,Consumer Discretionary,Consumer Discretionary Distribution & Retail,XLY
DRI,"Darden Restaurants, Inc.",Consumer Discretionary,Consumer Discretionary,Consumer Services,XLY
DUOL,"Duolingo, Inc. Class A Common Stock",Consumer Discretionary,Consumer Discretionary,Consumer Services,XLY
EBAY,eBay Inc,Consumer Discretionary,Consumer Discretionary,Consumer Discretionary Distribution & Retail,XLY
ETSY,"Etsy, Inc.",Consumer Discretionary,Consumer Discretionary,Consumer Discretionary Distribution & Retail,XLY
EXPE,"Expedia Group, Inc. Common Stock",Consumer Discretionary,Consumer Discretionary,Consumer Services,XLY
F,Ford Motor Company,Consumer Discretionary,Consumer Discretionary,Automobiles & Components,XLY
GM,General Motors Company,Consumer Discretionary,Consumer Discretionary,Automobiles & Components,XLY
GME,GameStop Corp. Class A,Consumer Discretionary,Consumer Discretionary,Consumer Discretionary Distribution & Retail,XLY
HD,"Home Depot, Inc.",Consumer Discretionary,Consumer Discretionary,Consumer Discretionary Distribution & Retail,XLY
JD,"JD.com, Inc.",Consumer Discretionary,Consumer Discretionary,Consumer Discretionary Distribution & Retail,XLY
LEN,Lennar Corporation Class A,Consumer Discretionary,Consumer Discretionary,Consumer Durables & Apparel,XLY
LOW,Lowe's Companies Inc.,Consumer Discretionary,Consumer Discretionary,Consumer Discretionary Distribution & Retail,XLY
LULU,lululemon athletica inc.,Consumer Discretionary,Consumer Discretionary,Consumer Durables & Apparel,XLY
LVS,Las Vegas Sands Corp.,Consumer Discretionary,Consumer Discretionary,Consumer Services,XLY
MAR,Marriott International Class A Common Stock,Consumer Discretionary,Consumer Discretionary,Consumer Services,XLY
MAT,"Mattel, Inc.",Consumer Discretionary,Consumer Discretionary,Consumer Durables & Apparel,XLY
MCD,McDonald's Corporation,Consumer Discretionary,Consumer Discretionary,Consumer Services,XLY
MELI,"Mercado Libre, Inc",Consumer Discretionary,Consumer Discretionary,Consumer Discretionary Distribution & Retail,XLY
NKE,"Nike, Inc.",Consumer Discretionary,Consumer Discretionary,Consumer Durables & Apparel,XLY
ORLY,"O'Reilly Automotive, Inc.",Consumer Discretionary,Consumer Discretionary,Consumer Discretionary Distribution & Retail,XLY
RACE,Ferrari N.V.,Consumer Discretionary,Consumer Discretionary,Automobiles & Components,XLY
RH,RH,Consumer Discretionary,Consumer Discretionary,Consumer Discretionary Distribution & Retail,XLY
RL,Ralph Lauren Corporation,Consumer Discretionary,Consumer Discretionary,Consumer Durables & Apparel,XLY
SBUX,Starbucks Corp,Consumer Discretionary,Consumer Discretionary,Consumer Services,XLY
SN,"SharkNinja, Inc.",Consumer Discretionary,Consumer Discretionary,Consumer Durables & Apparel,XLY
SWBI,"Smith & Wesson Brands, Inc. Common Stock",Consumer Discretionary,Consumer Discretionary,Consumer Durables & Apparel,XLY
TJX,"TJX Companies, Inc. (The)",Consumer Discretionary,Consumer Discretionary,Consumer Discretionary Distribution & Retail,XLY
TM,Toyota Motor Corporation American Depositary Shares (Each representing ten Ordinary Shares),Consumer Discretionary,Consumer Discretionary,Automobiles & Components,XLY
TOL,"Toll Brothers, Inc.",Consumer Discretionary,Consumer Discretionary,Consumer Durables & Apparel,XLY
TPR,"Tapestry, Inc. Common Stock",Consumer Discretionary,Consumer Discretionary,Consumer Durables & Apparel,XLY
TSCO,Tractor Supply Co,Consumer Discretionary,Consumer Discretionary,Consumer Discretionary Distribution & Retail,XLY
TSLA,"Tesla, Inc. Common Stock",Consumer Discretionary,Consumer Discretionary,Automobiles & Components,XLY
UA,"Under Armour, Inc. Class C Common Stock, $0.0003 1/3 par value",Consumer Discretionary,Consumer Discretionary,Consumer Durables & Apparel,XLY
ULTA,"Ulta Beauty, Inc. Common Stock",Consumer Discretionary,Consumer Discretionary,Consumer Discretionary Distribution & Retail,XLY
W,Wayfair Inc.,Consumer Discretionary,Consumer Discretionary,Consumer Discretionary Distribution & Retail,XLY
WHR,Whirlpool Corp.,Consumer Discretionary,Consumer Discretionary,Consumer Durables & Apparel,XLY
WING,Wingstop Inc,Consumer Discretionary,Consumer Discretionary,Consumer Services,XLY
WSM,"Williams-Sonoma, Inc.",Consumer Discretionary,Consumer Discretionary,Consumer Discretionary Distribution & Retail,XLY
WYNN,Wynn Resorts Ltd,Consumer Discretionary,Consumer Discretionary,Consumer Services,XLY
YETI,"YETI Holdings, Inc. Common Stock",Consumer Discretionary,Consumer Discretionary,Consumer Durables & Apparel,XLY
YUM,"Yum! Brands, Inc.",Consumer Discretionary,Consumer Discretionary,Consumer Services,XLY
ADM,Archer Daniels Midland Company,Consumer Staples,Consumer Staples,"Food, Beverage & Tobacco",XLP
CELH,"Celsius Holdings, Inc. Common Stock",Consumer Staples,Consumer Staples,"Food, Beverage & Tobacco",XLP
CL,Colgate-Palmolive Company,Consumer Staples,Consumer Staples,Household & Personal Products,XLP
COST,Costco Wholesale Corp,Consumer Staples,Consumer Staples,Consumer Staples Distribution & Retail,XLP
CPB,The Campbell's Company Common Stock,Consumer Staples,Consumer Staples,"Food, Beverage & Tobacco",XLP
DEO,Diageo plc,Consumer Staples,Consumer Staples,"Food, Beverage & Tobacco",XLP
DG,Dollar General Corp.,Consumer Staples,Consumer Staples,Consumer Staples Distribution & Retail,XLP
GIS,"General Mills, Inc.",Consumer Staples,Consumer Staples,"Food, Beverage & Tobacco",XLP
KMB,Kimberly-Clark Corp.,Consumer Staples,Consumer Staples,Household & Personal Products,XLP
KO,Coca-Cola Company,Consumer Staples,Consumer Staples,"Food, Beverage & Tobacco",XLP
KR,The Kroger Co.,Consumer Staples,Consumer Staples,Consumer Staples Distribution & Retail,XLP
MNST,Monster Beverage Corporation,Consumer Staples,Consumer Staples,"Food, Beverage & Tobacco",XLP
MO,"Altria Group, Inc.",Consumer Staples,Consumer Staples,"Food, Beverage & Tobacco",XLP
PEP,"PepsiCo, Inc.",Consumer Staples,Consumer Staples,"Food, Beverage & Tobacco",XLP
PG,Procter & Gamble Company,Consumer Staples,Consumer Staples,Household & Personal Products,XLP
PM,Philip Morris International Inc.,Consumer Staples,Consumer Staples,"Food, Beverage & Tobacco",XLP
STZ,"Constellation Brands, Inc.",Consumer Staples,Consumer Staples,"Food, Beverage & Tobacco",XLP
TGT,Target Corporation,Consumer Staples,Consumer Staples,Consumer Staples Distribution & Retail,XLP
WMT,Walmart Inc. Common Stock,Consumer Staples,Consumer Staples,Consumer Staples Distribution & Retail,XLP
APA,APA Corporation Common Stock,Energy,Energy,Energy,XLE
COP,ConocoPhillips,Energy,Energy,Energy,XLE
CVX,Chevron Corporation,Energy,Energy,Energy,XLE
DVN,Devon Energy Corporation,Energy,Energy,Energy,XLE
EOG,"EOG Resources, Inc.",Energy,Energy,Energy,XLE
FANG,"Diamondback Energy, Inc.",Energy,Energy,Energy,XLE
HAL,Halliburton Company,Energy,Energy,Energy,XLE
LNG,Cheniere Energy Inc,Energy,Energy,Energy,XLE
OXY,Occidental Petroleum Corporation,Energy,Energy,Energy,XLE
SLB,SLB Limited,Energy,Energy,Energy,XLE
VLO,Valero Energy Corporation,Energy,Energy,Energy,XLE
WMB,Williams Companies Inc.,Energy,Energy,Energy,XLE
XOM,ExxonMobil Holdings Corporation,Energy,Energy,Energy,XLE
AFL,Aflac Inc.,Financials,Financials,Insurance,XLF
AFRM,"Affirm Holdings, Inc. Class A Common Stock",Financials,Financials,Financial Services,XLF
AIG,"American International Group, Inc.",Financials,Financials,Insurance,XLF
ALL,The Allstate Corporation,Financials,Financials,Insurance,XLF
APO,"Apollo Global Management, Inc.",Financials,Financials,Financial Services,XLF
AXP,American Express Company,Financials,Financials,Financial Services,XLF
BAC,Bank of America Corporation,Financials,Financials,Banks,XLF
BEN,"Franklin Templeton, Inc.",Financials,Financials,Financial Services,XLF
BLK,"Blackrock, Inc.",Financials,Financials,Financial Services,XLF
BRK.B,BERKSHIRE HATHAWAY Class B,Financials,Financials,Financial Services,XLF
BX,Blackstone Inc.,Financials,Financials,Financial Services,XLF
C,Citigroup Inc.,Financials,Financials,Banks,XLF
CB,Chubb Limited,Financials,Financials,Insurance,XLF
CFG,"Citizens Financial Group, Inc.",Financials,Financials,Banks,XLF
CME,CME Group Inc.,Financials,Financials,Financial Services,XLF
COF,Capital One Financial,Financials,Financials,Financial Services,XLF
COIN,"Coinbase Global, Inc. Class A Common Stock",Financials,Financials,Financial Services,XLF
GS,Goldman Sachs Group Inc.,Financials,Financials,Financial Services,XLF
HOOD,"Robinhood Markets, Inc. Class A Common Stock",Financials,Financials,Financial Services,XLF
ICE,Intercontinental Exchange  Inc.,Financials,Financials,Financial Services,XLF
JPM,JPMorgan Chase & Co.,Financials,Financials,Banks,XLF
MA,Mastercard Incorporated,Financials,Financials,Financial Services,XLF
MET,"MetLife, Inc.",Financials,Financials,Insurance,XLF
MS,Morgan Stanley,Financials,Financials,Financial Services,XLF
OSCR,"Oscar Health, Inc.",Financials,Financials,Insurance,XLF
PRU,"Prudential Financial, Inc.",Financials,Financials,Insurance,XLF
PYPL,"PayPal Holdings, Inc. Common Stock",Financials,Financials,Financial Services,XLF
RF,Regions Financial Corp.,Financials,Financials,Banks,XLF
SCHW,The Charles Schwab Corporation,Financials,Financials,Financial Services,XLF
SOFI,"SoFi Technologies, Inc. Common Stock",Financials,Financials,Financial Services,XLF
TRV,"The Travelers Companies, Inc.",Financials,Financials,Insurance,XLF
UPST,"Upstart Holdings, Inc. Common stock",Financials,Financials,Financial Services,XLF
USB,U.S. Bancorp,Financials,Financials,Banks,XLF
V,VISA Inc.,Financials,Financials,Financial Services,XLF
WFC,Wells Fargo & Co.,Financials,Financials,Banks,XLF
XYZ,"Block, Inc.",Financials,Financials,Financial Services,XLF
ABBV,ABBVIE INC.,Health Care,Health Care,"Pharmaceuticals, Biotechnology & Life Sciences",XLV
ABT,Abbott Laboratories,Health Care,Health Care,Health Care Equipment & Services,XLV
AMGN,Amgen Inc,Health Care,Health Care,"Pharmaceuticals, Biotechnology & Life Sciences",XLV
BIIB,Biogen Inc. Common Stock,Health Care,Health Care,"Pharmaceuticals, Biotechnology & Life Sciences",XLV
BMY,Bristol-Myers Squibb Co.,Health Care,Health Care,"Pharmaceuticals, Biotechnology & Life Sciences",XLV
CAH,"Cardinal Health, Inc.",Health Care,Health Care,Health Care Equipment & Services,XLV
CI,The Cigna Group,Health Care,Health Care,Health Care Equipment & Services,XLV
CRSP,CRISPR Therapeutics AG,Health Care,Health Care,"Pharmaceuticals, Biotechnology & Life Sciences",XLV
CVS,CVS HEALTH CORPORATION,Health Care,Health Care,Health Care Equipment & Services,XLV
DHR,Danaher Corporation,Health Care,Health Care,"Pharmaceuticals, Biotechnology & Life Sciences",XLV
GEHC,GE HealthCare Technologies Inc. Common Stock,Health Care,Health Care,Health Care Equipment & Services,XLV
GILD,Gilead Sciences Inc,Health Care,Health Care,"Pharmaceuticals, Biotechnology & Life Sciences",XLV
HIMS,"Hims & Hers Health, Inc.",Health Care,Health Care,Health Care Equipment & Services,XLV
HSIC,Henry Schein Inc,Health Care,Health Care,Health Care Equipment & Services,XLV
IDXX,Idexx Laboratories Inc,Health Care,Health Care,Health Care Equipment & Services,XLV
ILMN,Illumina Inc,Health Care,Health Care,"Pharmaceuticals, Biotechnology & Life Sciences",XLV
ISRG,Intuitive Surgical Inc.,Health Care,Health Care,Health Care Equipment & Services,XLV
JAZZ,"Jazz Pharmaceuticals, Inc.",Health Care,Health Care,"Pharmaceuticals, Biotechnology & Life Sciences",XLV
JNJ,Johnson & Johnson,Health Care,Health Care,"Pharmaceuticals, Biotechnology & Life Sciences",XLV
LGND,Ligand Pharmaceuticals Inc.,Health Care,Health Care,"Pharmaceuticals, Biotechnology & Life Sciences",XLV
LLY,Eli Lilly & Co.,Health Care,Health Care,"Pharmaceuticals, Biotechnology & Life Sciences",XLV
MDT,Medtronic plc,Health Care,Health Care,Health Care Equipment & Services,XLV
MRK,"Merck & Co., Inc.",Health Care,Health Care,"Pharmaceuticals, Biotechnology & Life Sciences",XLV
MRNA,"Moderna, Inc. Common Stock",Health Care,Health Care,"Pharmaceuticals, Biotechnology & Life Sciences",XLV
NVO,Novo-Nordisk A/S,Health Care,Health Care,"Pharmaceuticals, Biotechnology & Life Sciences",XLV
PFE,Pfizer Inc.,Health Care,Health Care,"Pharmaceuticals, Biotechnology & Life Sciences",XLV
REGN,Regeneron Pharmaceuticals Inc,Health Care,Health Care,"Pharmaceuticals, Biotechnology & Life Sciences",XLV
RMD,ResMed Inc.,Health Care,Health Care,Health Care Equipment & Services,XLV
TEVA,Teva Pharmaceutical Industries Limited American Depositary Shares,Health Care,Health Care,"Pharmaceuticals, Biotechnology & Life Sciences",XLV
UNH,UNITEDHEALTH GROUP INCORPORATED (Delaware),Health Care,Health Care,Health Care Equipment & Services,XLV
VEEV,Veeva Systems Inc.,Health Care,Health Care,Health Care Equipment & Services,XLV
VKTX,"Viking Therapeutics, Inc",Health Care,Health Care,"Pharmaceuticals, Biotechnology & Life Sciences",XLV
VRTX,Vertex Pharmaceuticals Inc,Health Care,Health Care,"Pharmaceuticals, Biotechnology & Life Sciences",XLV
AAL,American Airlines Group Inc.,Industrials,Industrials,Transportation,XLI
ADP,Automatic Data Processing,Industrials,Industrials,Commercial & Professional Services,XLI
BA,Boeing Company,Industrials,Industrials,Capital Goods,XLI
CAT,Caterpillar Inc.,Industrials,Industrials,Capital Goods,XLI
CMI,Cummins Inc.,Industrials,Industrials,Capital Goods,XLI
DAL,"Delta Air Lines, Inc.",Industrials,Industrials,Transportation,XLI
DE,Deere & Company,Industrials,Industrials,Capital Goods,XLI
DOV,Dover Corporation,Industrials,Industrials,Capital Goods,XLI
DY,"Dycom Industries, Inc.",Industrials,Industrials,Capital Goods,XLI
EMR,Emerson Electric Co.,Industrials,Industrials,Capital Goods,XLI
ETN,"Eaton Corporation, plc Ordinary Shares",Industrials,Industrials,Capital Goods,XLI
FDX,FedEx Corporation,Industrials,Industrials,Transportation,XLI
FLR,Fluor Corporation,Industrials,Industrials,Capital Goods,XLI
GD,General Dynamics Corporation,Industrials,Industrials,Capital Goods,XLI
GE,GE Aerospace,Industrials,Industrials,Capital Goods,XLI
GEV,GE Vernova Inc.,Industrials,Industrials,Capital Goods,XLI
GNRC,GENERAC HOLDINGS INC,Industrials,Industrials,Capital Goods,XLI
GWW,"W.W. Grainger, Inc.",Industrials,Industrials,Capital Goods,XLI
HON,"Honeywell International, Inc.",Industrials,Industrials,Capital Goods,XLI
LHX,"L3Harris Technologies, Inc.",Industrials,Industrials,Capital Goods,XLI
LMT,Lockheed Martin Corp.,Industrials,Industrials,Capital Goods,XLI
LUV,Southwest Airlines Co.,Industrials,Industrials,Transportation,XLI
MMM,3M Company,Industrials,Industrials,Capital Goods,XLI
NOC,Northrop Grumman Corp.,Industrials,Industrials,Capital Goods,XLI
NSC,Norfolk Southern Corp.,Industrials,Industrials,Transportation,XLI
PCAR,Paccar Inc,Industrials,Industrials,Capital Goods,XLI
POWL,Powell Industries Inc,Industrials,Industrials,Capital Goods,XLI
RKLB,Rocket Lab Corporation Common Stock,Industrials,Industrials,Capital Goods,XLI
RTX,RTX Corporation,Industrials,Industrials,Capital Goods,XLI
SMR,NuScale Power Corporation,Industrials,Industrials,Capital Goods,XLI
SWK,"Stanley Black & Decker, Inc.",Industrials,Industrials,Capital Goods,XLI
TEX,Terex Corporation,Industrials,Industrials,Capital Goods,XLI
UBER,"Uber Technologies, Inc.",Industrials,Industrials,Transportation,XLI
UNP,Union Pacific Corp.,Industrials,Industrials,Transportation,XLI
UPS,"United Parcel Service, Inc. Class B",Industrials,Industrials,Transportation,XLI
URI,"United Rentals, Inc.",Industrials,Industrials,Capital Goods,XLI
VRT,Vertiv Holdings Co Class A Common Stock,Industrials,Industrials,Capital Goods,XLI
AAOI,"Applied Optoelectronics, Inc.",Information Technology,Information Technology,Technology Hardware & Equipment,XLK
AAPL,Apple Inc.,Information Technology,Information Technology,Technology Hardware & Equipment,XLK
ACN,Accenture PLC,Information Technology,Information Technology,Software & Services,XLK
ADBE,Adobe Inc.,Information Technology,Information Technology,Software & Services,XLK
ADI,"Analog Devices, Inc.",Information Technology,Information Technology,Semiconductors & Semiconductor Equipment,XLK
ADSK,Autodesk Inc,Information Technology,Information Technology,Software & Services,XLK
ALAB,"Astera Labs, Inc. Common Stock",Information Technology,Information Technology,Semiconductors & Semiconductor Equipment,XLK
AMAT,Applied Materials Inc,Information Technology,Information Technology,Semiconductors & Semiconductor Equipment,XLK
AMBA,"Ambarella, Inc. Ordinary Shares",Information Technology,Information Technology,Semiconductors & Semiconductor Equipment,XLK
AMD,Advanced Micro Devices,Information Technology,Information Technology,Semiconductors & Semiconductor Equipment,XLK
ANET,Arista Networks,Information Technology,Information Technology,Technology Hardware & Equipment,XLK
APP,Applovin Corporation Class A Common Stock,Information Technology,Information Technology,Software & Services,XLK
ARM,Arm Holdings plc American Depositary Shares,Information Technology,Information Technology,Semiconductors & Semiconductor Equipment,XLK
ASML,ASML Holding NV,Information Technology,Information Technology,Semiconductors & Semiconductor Equipment,XLK
AVGO,Broadcom Inc. Common Stock,Information Technology,Information Technology,Semiconductors & Semiconductor Equipment,XLK
CRM,"Salesforce, Inc.",Information Technology,Information Technology,Software & Services,XLK
CRWD,"CrowdStrike Holdings, Inc. Class A Common Stock",Information Technology,Information Technology,Software & Services,XLK
CSCO,"Cisco Systems, Inc. Common Stock (DE)",Information Technology,Information Technology,Technology Hardware & Equipment,XLK
DDOG,"Datadog, Inc. Class A Common Stock",Information Technology,Information Technology,Software & Services,XLK
DELL,Dell Technologies Inc.,Information Technology,Information Technology,Technology Hardware & Equipment,XLK
DOCU,"DocuSign, Inc. Common Stock",Information Technology,Information Technology,Software & Services,XLK
FFIV,"F5, Inc. Common Stock",Information Technology,Information Technology,Technology Hardware & Equipment,XLK
FSLR,"First Solar, Inc.",Information Technology,Information Technology,Semiconductors & Semiconductor Equipment,XLK
FSLY,"Fastly, Inc. Class A Common Stock",Information Technology,Information Technology,Software & Services,XLK
FTNT,"Fortinet, Inc.",Information Technology,Information Technology,Software & Services,XLK
GLW,Corning Incorporated,Information Technology,Information Technology,Technology Hardware & Equipment,XLK
HPQ,HP Inc.,Information Technology,Information Technology,Technology Hardware & Equipment,XLK
IBM,International Business Machines Corporation,Information Technology,Information Technology,Software & Services,XLK
INTC,Intel Corp,Information Technology,Information Technology,Semiconductors & Semiconductor Equipment,XLK
INTU,Intuit Inc,Information Technology,Information Technology,Software & Services,XLK
IONQ,"IonQ, Inc.",Information Technology,Information Technology,Technology Hardware & Equipment,XLK
JBL,Jabil Inc.,Information Technology,Information Technology,Technology Hardware & Equipment,XLK
KLAC,KLA Corporation Common Stock,Information Technology,Information Technology,Semiconductors & Semiconductor Equipment,XLK
LRCX,Lam Research Corp,Information Technology,Information Technology,Semiconductors & Semiconductor Equipment,XLK
MARA,"MARA Holdings, Inc. Common Stock",Information Technology,Information Technology,Software & Services,XLK
MCHP,Microchip Technology Inc,Information Technology,Information Technology,Semiconductors & Semiconductor Equipment,XLK
MDB,"MongoDB, Inc. Class A",Information Technology,Information Technology,Software & Services,XLK
MRVL,"Marvell Technology, Inc. Common Stock",Information Technology,Information Technology,Semiconductors & Semiconductor Equipment,XLK
MSFT,Microsoft Corp,Information Technology,Information Technology,Software & Services,XLK
MSTR,Strategy Inc Common Stock Class A,Information Technology,Information Technology,Software & Services,XLK
MU,"Micron Technology, Inc.",Information Technology,Information Technology,Semiconductors & Semiconductor Equipment,XLK
NET,"Cloudflare, Inc. Class A common stock, par value $0.001 per share",Information Technology,Information Technology,Software & Services,XLK
NOW,"SERVICENOW, INC.",Information Technology,Information Technology,Software & Services,XLK
NVDA,Nvidia Corp,Information Technology,Information Technology,Semiconductors & Semiconductor Equipment,XLK
OKTA,"Okta, Inc. Class A Common Stock",Information Technology,Information Technology,Software & Services,XLK
ORCL,Oracle Corp,Information Technology,Information Technology,Software & Services,XLK
PANW,"Palo Alto Networks, Inc. Common Stock",Information Technology,Information Technology,Software & Services,XLK
PLTR,Palantir Technologies Inc. Class A Common Stock,Information Technology,Information Technology,Software & Services,XLK
QCOM,Qualcomm Inc,Information Technology,Information Technology,Semiconductors & Semiconductor Equipment,XLK
RGTI,"Rigetti Computing, Inc. Common Stock",Information Technology,Information Technology,Semiconductors & Semiconductor Equipment,XLK
SHOP,Shopify Inc. Class A subordinate voting shares,Information Technology,Information Technology,Software & Services,XLK
SMCI,"Super Micro Computer, Inc. Common Stock",Information Technology,Information Technology,Technology Hardware & Equipment,XLK
SNDK,Sandisk Corporation Common Stock,Information Technology,Information Technology,Technology Hardware & Equipment,XLK
SNOW,Snowflake Inc.,Information Technology,Information Technology,Software & Services,XLK
SOUN,"SoundHound AI, Inc. Class A Common Stock",Information Technology,Information Technology,Software & Services,XLK
SWKS,Skyworks Solutions Inc,Information Technology,Information Technology,Semiconductors & Semiconductor Equipment,XLK
TEAM,Atlassian Corporation Class A Common Stock,Information Technology,Information Technology,Software & Services,XLK
TSM,Taiwan Semiconductor Manufacturing Company Ltd.,Information Technology,Information Technology,Semiconductors & Semiconductor Equipment,XLK
TWLO,Twilio Inc.,Information Technology,Information Technology,Software & Services,XLK
TXN,Texas Instruments Incorporated,Information Technology,Information Technology,Semiconductors & Semiconductor Equipment,XLK
WDAY,"Workday, Inc. Class A Common Stock",Information Technology,Information Technology,Software & Services,XLK
WDC,Western Digital Corp.,Information Technology,Information Technology,Technology Hardware & Equipment,XLK
XRX,Xerox Holdings Corporation Common Stock,Information Technology,Information Technology,Technology Hardware & Equipment,XLK
ZM,"Zoom Communications, Inc. Class A Common Stock",Information Technology,Information Technology,Software & Services,XLK
ZS,"Zscaler, Inc. Common Stock",Information Technology,Information Technology,Software & Services,XLK
AA,Alcoa Corporation,Materials,Materials,Materials,XLB
BHP,BHP Group Limited American Depositary Shares (Each representing two Ordinary Shares),Materials,Materials,Materials,XLB
CF,"CF Industries Holding, Inc.",Materials,Materials,Materials,XLB
CLF,Cleveland-Cliffs Inc.,Materials,Materials,Materials,XLB
DD,"DuPont de Nemours, Inc. Common Stock",Materials,Materials,Materials,XLB
FCX,Freeport-McMoran Inc.,Materials,Materials,Materials,XLB
IFF,International Flavors & Fragrances Inc.,Materials,Materials,Materials,XLB
LIN,Linde plc Ordinary Share,Materials,Materials,Materials,XLB
MOS,The Mosaic Company,Materials,Materials,Materials,XLB
SHW,The Sherwin-Williams Company,Materials,Materials,Materials,XLB
WPM,Wheaton Precious Metals Corp. Common Stock,Materials,Materials,Materials,XLB
PSA,Public Storage,Real Estate,Real Estate,Equity REITs,XLRE
SLG,SL Green Realty Corp.,Real Estate,Real Estate,Equity REITs,XLRE
WY,Weyerhaeuser Company,Real Estate,Real Estate,Equity REITs,XLRE
AEP,"American Electric Power Company, Inc.",Utilities,Utilities,Utilities,XLU
ETR,Entergy Corporation,Utilities,Utilities,Utilities,XLU
EXC,Exelon Corporation,Utilities,Utilities,Utilities,XLU
OKLO,Oklo Inc.,Utilities,Utilities,Utilities,XLU
SO,The Southern Company,Utilities,Utilities,Utilities,XLU
